website,domain_id
www.viator.com,1_721
justfly.com,1_721
justfly.com,2_205
www.vegas.com,1_721
www.gotogate.com,8_76
www.allianztravelinsurance.com,19_17
www.allianztravelinsurance.com,29_10
www.allianztravelinsurance.com,1_721
www.allianztravelinsurance.com,34_8
www.vrbo.com,5_94
www.vrbo.com,1_721
flighthub.com,2_205
flighthub.com,1_721
www.asaptickets.com,1_721
www.asaptickets.com,2_205
www.asaptickets.com,6_91
www.priceline.com,1_721
www.priceline.com,2_205
www.way.com,1_721
www.way.com,16_19
cheapfareguru.com,1_721
airtkt.com,1_721
ivisa.com,13_23
www.smartfares.com,1_721
www.smartfares.com,2_205
www.airportparkingreservations.com,4_132
www.airportparkingreservations.com,22_13
guestreservations.com,4_132
guestreservations.com,7_84
guestreservations.com,66_3
guestreservations.com,21_14
guestreservations.com,1_721
guestreservations.com,61_4
shipsticks.com,1_721
shipsticks.com,117_1
reservationcounter.com,4_132
reservationcounter.com,1_721
super.com,7_84
super.com,119_1
super.com,116_1
headout.com,1_721
parksleepfly.com,1_721
aardy.com,19_17
aardy.com,1_721
aardy.com,34_8
aardy.com,29_10
wallypark.com,67_3
wallypark.com,62_4
wallypark.com,22_13
wallypark.com,16_19
globalairportparking.com,1_721
globalairportparking.com,16_19
gocity.com,4_132
newyorkpass.com,4_132
www.cheapoair.com,1_721
www.cheapoair.com,4_132
www.outdoorsy.com,1_721
www.outdoorsy.com,5_94
www.outdoorsy.com,21_14
www.outdoorsy.com,115_1
www.outdoorsy.com,92_2
www.outdoorsy.com,69_3
www.bravofly.com,2_205
www.bravofly.com,1_721
www.bravofly.com,23_13
www.bravofly.com,24_12
www.bravofly.com,7_84
greatvaluevacations.com,1_721
greatvaluevacations.com,3_165
www.skyluxtravel.com,6_91
www.skyluxtravel.com,2_205
www.skyluxtravel.com,1_721
www.eftours.com,10_42
www.eftours.com,1_721
www.trustedhousesitters.com,1_721
www.trustedhousesitters.com,118_1
www.trustedhousesitters.com,70_3
flyus.com,1_721
flyus.com,2_205
bookit.com,7_84
bookit.com,2_205
bookit.com,1_721
bookit.com,4_132
omio.com,6_91
omio.com,50_5
omio.com,2_205
omio.com,90_2
www.vayama.com,2_205
www.vayama.com,1_721
www.homeexchange.com,59_4
www.homeexchange.com,55_4
www.homeexchange.com,18_18
www.homeexchange.com,42_5
www.homeexchange.com,89_2
www.homeexchange.com,21_14
www.budgetair.com,1_721
www.budgetair.com,2_205
www.budgetair.com,6_91
www.budgetair.com,4_132
www.budgetair.com,23_13
rvshare.com,25_11
rvshare.com,5_94
rvshare.com,69_3
rvshare.com,21_14
rvshare.com,1_721
airportvanrental.com,1_721
airportvanrental.com,24_12
airportvanrental.com,23_13
www.wisecars.com,23_13
www.wisecars.com,111_1
www.wisecars.com,1_721
www.wisecars.com,20_14
www.mozio.com,4_132
www.mozio.com,20_14
www.mozio.com,1_721
www.mozio.com,112_1
www.mozio.com,26_11
newarklongtermparking.com,16_19
newarklongtermparking.com,1_721
www.wizzair.com,1_721
www.wizzair.com,9_58
www.wizzair.com,2_205
vacasa.com,5_94
vacasa.com,1_721
www.airbnb.com,5_94
qeeq.com,59_4
qeeq.com,19_17
qeeq.com,23_13
worldstrides.com,8_76
mytransfers.com,33_8
mytransfers.com,22_13
mytransfers.com,28_10
mytransfers.com,57_4
parken-und-fliegen.de,8_76
ourbus.com,1_721
ourbus.com,33_8
ourbus.com,56_4
ourbus.com,90_2
ourbus.com,43_5
www.cardelmar.com,1_721
www.cardelmar.com,23_13
www.cardelmar.com,24_12
www.blueridgerentals.com,5_94
www.blueridgerentals.com,15_22
www.blueridgerentals.com,1_721
globusjourneys.com,1_721
globusjourneys.com,3_165
rushmypassport.com,1_721
rushmypassport.com,31_9
rushmypassport.com,17_19
rushmypassport.com,38_6
rushmypassport.com,60_4
www.lufthansa.com,24_12
www.lufthansa.com,9_58
www.lufthansa.com,2_205
easemytrip.com,1_721
airparkparking.com,1_721
airparkparking.com,16_19
latinofare.com,1_721
www.expressoparking.com,16_19
www.expressoparking.com,1_721
reservationdesk.com,1_721
www.mangotours.com,2_205
www.mangotours.com,1_721
www.cheapair.com,6_91
www.cheapair.com,4_132
www.cheapair.com,2_205
www.cheapair.com,1_721
www.passportsandvisas.com,1_721
www.passportsandvisas.com,17_19
www.passportsandvisas.com,13_23
www.passportsandvisas.com,31_9
www.transavia.com,1_721
www.transavia.com,2_205
www.transavia.com,9_58
cheapflightnow.com,8_76
www.greyhound.com,1_721
www.greyhound.com,56_4
www.galahotels.com,1_721
www.galahotels.com,7_84
www.galahotels.com,4_132
getaroom.com,4_132
www.hotelsone.com,7_84
www.hotelsone.com,1_721
www.hotels.com,1_721
www.hotels.com,7_84
www.flydealfare.com,1_721
www.flydealfare.com,2_205
business-class.com,1_721
business-class.com,2_205
business-class.com,6_91
indianeagle.com,1_721
indianeagle.com,2_205
www.expedia.com,4_132
www.expedia.com,1_721
fareobuddy.com,1_721
travelopod.com,1_721
travelopod.com,2_205
travelopod.com,12_31
www.sky-tours.com,2_205
www.sky-tours.com,1_721
www.sky-tours.com,3_165
directlinecruises.com,14_22
directlinecruises.com,1_721
directlinecruises.com,11_32
ovago.com,4_132
ovago.com,2_205
ovago.com,6_91
ovago.com,1_721
ovago.com,7_84
exploretrip.com,1_721
exploretrip.com,2_205
exploretrip.com,4_132
splittytravel.com,1_721
splittytravel.com,7_84
splittytravel.com,4_132
cheapflightsfares.com,1_721
onestopparking.com,1_721
onestopparking.com,16_19
maya.net,84_2
maya.net,113_1
maya.net,4_132
parkrideflyusa.com,22_13
jiffynewark.com,22_13
www.extranomical.com,1_721
www.extranomical.com,3_165
rightwayparking.com,67_3
rightwayparking.com,62_4
rightwayparking.com,114_1
rightwayparking.com,16_19
rightwayparking.com,14_22
rightwayparking.com,4_132
www.travelocity.com,4_132
www.travelocity.com,1_721
vfsglobal.co.uk,17_19
vfsglobal.co.uk,13_23
www.lyft.com,1_721
www.lyft.com,28_10
bigbearcoolcabins.com,1_721
bigbearcoolcabins.com,5_94
spotpet.com,25_11
spotpet.com,91_2
spotpet.com,83_2
spotpet.com,85_2
spotpet.com,122_1
flyawayparking.com,16_19
flyawayparking.com,1_721
dayuse.com,7_84
dayuse.com,1_721
visitacity.com,1_721
wowfare.com,7_84
wowfare.com,6_91
wowfare.com,1_721
wowfare.com,2_205
redawning.com,5_94
redawning.com,18_18
redawning.com,15_22
redawning.com,21_14
redawning.com,94_2
redawning.com,81_2
www.elifelimo.com,22_13
www.elifelimo.com,36_7
www.elifelimo.com,28_10
www.elifelimo.com,20_14
www.elifelimo.com,33_8
kingdomstrollers.com,5_94
myticketstoindia.com,1_721
myticketstoindia.com,2_205
shoreexcursionsgroup.com,3_165
shoreexcursionsgroup.com,10_42
shoreexcursionsgroup.com,12_31
shoreexcursionsgroup.com,27_11
shoreexcursionsgroup.com,1_721
www.citypass.com,27_11
visitorscoverage.com,19_17
visitorscoverage.com,1_721
passportvisasexpress.com,13_23
passportvisasexpress.com,1_721
passportvisasexpress.com,68_3
passportvisasexpress.com,17_19
passportvisasexpress.com,31_9
rail.ninja,1_721
rail.ninja,50_5
www.redweek.com,5_94
www.redweek.com,1_721
bookonline.com,4_132
uplift.com,8_76
justairticket.com,1_721
hop2.com,1_721
hop2.com,2_205
hop2.com,6_91
resortpass.com,61_4
resortpass.com,44_5
resortpass.com,123_1
resortpass.com,124_1
resortpass.com,46_5
resortpass.com,4_132
www.hotelplanner.com,1_721
travelopick.com,6_91
travelopick.com,1_721
www.hipcamp.com,1_721
www.hipcamp.com,42_5
www.hipcamp.com,18_18
www.hipcamp.com,21_14
www.hipcamp.com,25_11
www.hipcamp.com,5_94
americancruiselines.com,45_5
redbeamgarage.com,16_19
redbeamgarage.com,1_721
platypustours.com,27_11
platypustours.com,35_8
platypustours.com,3_165
www.ski.com,1_721
www.ski.com,32_9
govassist.com,13_23
govassist.com,93_2
govassist.com,1_721
www.maverickhelicopter.com,125_1
www.maverickhelicopter.com,126_1
www.maverickhelicopter.com,3_165
www.maverickhelicopter.com,121_1
www.maverickhelicopter.com,27_11
panoramatours.com,1_721
panoramatours.com,3_165
www.flightsmojo.com,1_721
www.flightsmojo.com,4_132
www.flightsmojo.com,2_205
fareboom.com,1_721
esky.com,1_721
www.onetravel.com,1_721
www.onetravel.com,4_132
evolve.com,5_94
vacationsbyrail.com,3_165
hoteling.com,7_84
hoteling.com,1_721
airparks.de,8_76
canyoncoolers.com,70_3
canyoncoolers.com,120_1
canyoncoolers.com,80_2
canyoncoolers.com,107_1
canyoncoolers.com,131_1
canyoncoolers.com,108_1
icruise.com,1_721
icruise.com,11_32
tarifasodeal.com,1_721
budgetair.com/en_us,1_721
budgetair.com/en_us,6_91
budgetair.com/en_us,4_132
budgetair.com/en_us,23_13
budgetair.com/en_us,2_205
www.diverightinscuba.com,109_1
www.diverightinscuba.com,110_1
www.diverightinscuba.com,128_1
www.diverightinscuba.com,129_1
www.diverightinscuba.com,130_1
www.diverightinscuba.com,72_3
www.diamondresorts.com,7_84
www.diamondresorts.com,1_721
turnkeyvr.com,1_721
turnkeyvr.com,5_94
www.qatarairways.com,2_205
www.qatarairways.com,1_721
www.qatarairways.com,9_58
www.turkishairlines.com,1_721
www.turkishairlines.com,2_205
traveldocs.com,1_721
travoport.com,2_205
travoport.com,1_721
luggagefree.com,1_721
bluesunvacations.com,1_721
bluesunvacations.com,2_205
bluesunvacations.com,7_84
fareporto.com,1_721
tripbeam.com,1_721
tripbeam.com,2_205
sportys.com,79_2
sportys.com,127_1
sportys.com,71_3
sportys.com,82_2
sportys.com,73_3
mintfares.com,1_721
mintfares.com,2_205
vacationexpress.com,3_165
vacationexpress.com,1_721
vacationexpress.com,7_84
vacationexpress.com,2_205
bivvy.com,83_2
bivvy.com,85_2
bivvy.com,91_2
bivvy.com,158_1
bivvy.com,25_11
bivvy.com,157_1
www.flytap.com,9_58
www.flytap.com,2_205
www.flytap.com,1_721
jiffyjfk.com,16_19
jiffyjfk.com,1_721
www.tripadvisor.com,29_10
www.tripadvisor.com,2_205
www.tripadvisor.com,7_84
www.tripadvisor.com,1_721
www.tripadvisor.com,51_5
aaa.com,4_132
aaa.com,3_165
aaa.com,1_721
redcoachusa.com,43_5
redcoachusa.com,1_721
redcoachusa.com,56_4
redcoachusa.com,33_8
redcoachusa.com,20_14
www.wanderu.com,4_132
www.wanderu.com,1_721
www.misterbandb.com,5_94
www.misterbandb.com,1_721
ezeeflights.com,1_721
urbanadventurequest.com,3_165
urbanadventurequest.com,27_11
urbanadventurequest.com,152_1
sightseeingpass.com,1_721
sightseeingpass.com,4_132
booksi.com,39_6
booksi.com,5_94
booksi.com,49_5
booksi.com,44_5
booksi.com,4_132
booksi.com,7_84
monsterrg.com,8_76
experiencetheride.com,35_8
experiencetheride.com,70_3
efexploreamerica.com,10_42
efexploreamerica.com,1_721
expertosenvuelo.com,1_721
expertosenvuelo.com,2_205
expertosenvuelo.com,6_91
expertosenvuelo.com,3_165
www.crystaltravel.us,1_721
tripinsure101.com,34_8
tripinsure101.com,1_721
tripinsure101.com,19_17
tripinsure101.com,29_10
arangrant.com,2_205
arangrant.com,6_91
arangrant.com,1_721
arangrant.com,7_84
flycheapestonline.com,2_205
flycheapestonline.com,3_165
flycheapestonline.com,1_721
flycheapestonline.com,6_91
harvesthosts.com,1_721
russiantrains.com,1_721
russiantrains.com,50_5
alphaflightguru.com,1_721
alphaflightguru.com,2_205
alphaflightguru.com,7_84
www.pitstopparking.com,1_721
www.pitstopparking.com,16_19
cheapfaremart.com,1_721
inspirock.com,4_132
inspirock.com,26_11
travelvisapro.com,38_6
travelvisapro.com,1_721
travelvisapro.com,31_9
travelvisapro.com,13_23
travelvisapro.com,60_4
travelvisapro.com,17_19
paylatertravel.com,1_721
paylatertravel.com,151_1
price4limo.com,1_721
price4limo.com,4_132
price4limo.com,33_8
price4limo.com,43_5
price4limo.com,36_7
shipgo.com,76_3
www.msccruisesusa.com,11_32
www.msccruisesusa.com,1_721
www.flypgs.com,1_721
www.flypgs.com,9_58
www.flypgs.com,2_205
www.tripadvisor.jp,138_1
www.tripadvisor.jp,1_721
www.tripadvisor.jp,51_5
www.tripadvisor.jp,29_10
www.tripadvisor.jp,2_205
www.tripadvisor.jp,7_84
www.tripadvisor.jp,153_1
cookly.me,8_76
webstaurantstore.com,139_1
webstaurantstore.com,154_1
webstaurantstore.com,104_2
webstaurantstore.com,156_1
webstaurantstore.com,155_1
webstaurantstore.com,134_1
cosmos.com,8_76
affordableworld.com,1_721
affordableworld.com,3_165
hellolanding.com,25_11
hellolanding.com,137_1
hellolanding.com,88_2
bigbustours.com/washington,3_165
bigbustours.com/washington,1_721
travelation.com,6_91
nustay.com,7_84
nustay.com,1_721
topbusinessclass.com,6_91
topbusinessclass.com,2_205
topbusinessclass.com,1_721
pnf.com,8_76
affordabletours.com,1_721
affordabletours.com,12_31
affordabletours.com,11_32
affordabletours.com,4_132
flyodeals.com,1_721
flyodeals.com,2_205
flyodeals.com,4_132
flyodeals.com,6_91
flightschannel.com,1_721
foggyfly.com,1_721
carolinaretreats.com,5_94
carolinaretreats.com,1_721
lookbyfare.com,1_721
shopmoment.com,133_1
shopmoment.com,3_165
shopmoment.com,132_1
shopmoment.com,71_3
shopmoment.com,149_1
shopmoment.com,150_1
enchantingtravels.com,10_42
enchantingtravels.com,3_165
limehome.com,5_94
limehome.com,30_10
limehome.com,7_84
limehome.com,18_18
limehome.com,105_2
limehome.com,15_22
shipskis.com,1_721
shipskis.com,32_9
www.aa.com,2_205
www.aa.com,1_721
www.aa.com,9_58
cruisedirect.com,14_22
cruisedirect.com,11_32
sunrealtync.com,15_22
sunrealtync.com,5_94
sunrealtync.com,58_4
sunrealtync.com,40_6
travelbusinessclass.com,1_721
travelbusinessclass.com,2_205
travelbusinessclass.com,6_91
www.vacationscostarica.com,1_721
www.bestairfares.com,1_721
www.cunard.com,45_5
traveljunctionus.com,1_721
lastfaredeals.com,14_22
lastfaredeals.com,2_205
lastfaredeals.com,1_721
flybackindia.com,1_721
fivestargulfrentals.com,1_721
fivestargulfrentals.com,5_94
viajaralmundo.com,6_91
viajaralmundo.com,1_721
www.fattiretours.com,1_721
www.fattiretours.com,3_165
fareshope.com,2_205
fareshope.com,3_165
fareshope.com,6_91
fareshope.com,1_721
ymtvacations.com,3_165
lodgify.com,26_11
lodgify.com,5_94
lodgify.com,18_18
lodgify.com,47_5
www.kauaiexclusive.com,5_94
www.kauaiexclusive.com,1_721
www.austrian.com,4_132
www.austrian.com,3_165
www.austrian.com,9_58
www.austrian.com,2_205
www.austrian.com,1_721
unitedairportparking.com,1_721
unitedairportparking.com,16_19
cheapticketsdeal.com,1_721
chatdeal.com,1_721
rushpassport.com,1_721
rushpassport.com,17_19
iflybusiness.com,1_721
iflybusiness.com,2_205
iflybusiness.com,6_91
letsroam.com,12_31
letsroam.com,3_165
www.roamright.com,19_17
www.roamright.com,1_721
spareroom.com,21_14
spareroom.com,81_2
www.incruises.com,4_132
www.incruises.com,136_1
nathab.com,1_721
nathab.com,10_42
nathab.com,3_165
thetourguy.com,1_721
thetourguy.com,3_165
gurufare.com,2_205
gurufare.com,10_42
gurufare.com,1_721
gurufare.com,6_91
travelcation.us,1_721
www.flyopedia.com,2_205
www.flyopedia.com,1_721
edestinos.com.mx,8_76
explorica.com,1_721
explorica.com,3_165
usebounce.com,8_76
kensingtontours.com,3_165
kensingtontours.com,1_721
www.mexipass.com,1_721
www.mexipass.com,34_8
www.mexipass.com,86_2
www.mexipass.com,19_17
avantstay.com,5_94
midwayprf.com,8_76
avalonwaterways.com,8_76
bookingbargains.com,8_76
vacationoffer.com,1_721
united-airlines.com,2_205
united-airlines.com,9_58
aegeanair.com,1_721
aegeanair.com,2_205
aegeanair.com,4_132
peruforless.com,3_165
peruforless.com,10_42
peruforless.com,1_721
pilgrimtours.com,1_721
pilgrimtours.com,3_165
farebuzz.com,4_132
farebuzz.com,1_721
www.airbusinessclass.com,6_91
www.airbusinessclass.com,1_721
www.zicasso.com,1_721
www.zicasso.com,12_31
www.boatsetter.com,135_1
www.boatsetter.com,1_721
www.boatsetter.com,87_2
www.boatsetter.com,146_1
www.boatsetter.com,46_5
patriotgetaways.com,5_94
patriotgetaways.com,1_721
thetopvillas.com,5_94
www.myflightsearch.com,2_205
www.myflightsearch.com,7_84
www.myflightsearch.com,1_721
aviatorgear.com,24_12
aviatorgear.com,9_58
adventuresonthegorge.com,1_721
www.delta.com,2_205
www.delta.com,4_132
www.delta.com,1_721
tripsta.com,8_76
travelo1.com,1_721
travelo1.com,2_205
redeemvacations.com,4_132
flighttrotters.co.uk,8_76
www.snowpak.com,1_721
www.snowpak.com,32_9
www.skypark.com,16_19
www.skypark.com,1_721
traveldefenders.com,19_17
traveldefenders.com,34_8
traveldefenders.com,29_10
traveldefenders.com,1_721
faretrolley.com,7_84
faretrolley.com,6_91
faretrolley.com,78_3
athotel.com,1_721
www.royalairmaroc.com,9_58
www.royalairmaroc.com,2_205
www.royalairmaroc.com,1_721
altostravel.com,2_205
theinfinitytravel.com,1_721
theinfinitytravel.com,2_205
theinfinitytravel.com,6_91
edestinos.cl,8_76
www.latam.com,2_205
www.latam.com,3_165
www.latam.com,1_721
www.latam.com,4_132
www.airadvisor.com,2_205
www.airadvisor.com,1_721
farehutz.us,6_91
business-skies.com,6_91
beachreunion.com,1_721
beachreunion.com,5_94
www.theblueground.com,58_4
www.theblueground.com,1_721
www.theblueground.com,101_2
www.flightsbank.com,1_721
avianca.com,2_205
avianca.com,1_721
avianca.com,9_58
handyvisas.com,13_23
reservations.com,7_84
reservations.com,1_721
reservations.com,4_132
flightcentreindependent.co.za,6_91
flightcentreindependent.co.za,14_22
flightcentreindependent.co.za,4_132
flightcentreindependent.co.za,1_721
faretoindia.com,1_721
faretoindia.com,2_205
faretoindia.com,6_91
skywithclass.com,1_721
skywithclass.com,6_91
skywithclass.com,2_205
tripfur.com,1_721
tripfur.com,2_205
www.mauiactivities.com,4_132
www.mauiactivities.com,1_721
www.mauiactivities.com,10_42
portugalgetaways.com,1_721
www.traveladvantage.com,1_721
www.makemytrip.com,1_721
hometogo.com,1_721
utovacation.com,1_721
utovacation.com,10_42
utovacation.com,3_165
utovacation.com,12_31
utovacation.com,17_19
www.traveler-assistance.com,1_721
www.traveler-assistance.com,19_17
furnishedquarters.com,1_721
furnishedquarters.com,5_94
www.airbnb.co.uk,5_94
twiddy.com,8_76
hiskipper.com,1_721
wearlively.com,147_1
wearlively.com,141_1
wearlively.com,142_1
wearlively.com,140_1
wearlively.com,100_2
holidu.co.uk,8_76
flyfrontier.com,1_721
flyfrontier.com,2_205
jettly.com,1_721
anywhere.com,3_165
anywhere.com,10_42
anywhere.com,1_721
anywhere.com,4_132
www.cheapbestfares.com,6_91
www.rockymountaingetaways.com,10_42
www.rockymountaingetaways.com,53_4
www.rockymountaingetaways.com,1_721
www.rockymountaingetaways.com,32_9
www.rockymountaingetaways.com,5_94
www.rockymountaingetaways.com,15_22
brett-robinson.com,1_721
brett-robinson.com,5_94
5starhelicoptertours.com,1_721
5starhelicoptertours.com,3_165
limos4less.com,22_13
limos4less.com,20_14
limos4less.com,36_7
limos4less.com,102_2
tripster.com,1_721
bookmyairtravel.com,6_91
bookmyairtravel.com,1_721
mthigh.com,1_721
mthigh.com,32_9
holafares.com,8_76
usghostadventures.com,3_165
usghostadventures.com,78_3
usghostadventures.com,145_1
peonytours.com,3_165
olotels.com,7_84
olotels.com,1_721
hotelvalue.com,1_721
hotelvalue.com,4_132
hotelvalue.com,5_94
hotelvalue.com,7_84
www.orbitz.com,1_721
kimkim.com,1_721
kimkim.com,3_165
www.westjet.com,6_91
www.westjet.com,1_721
www.westjet.com,2_205
visa.vfsglobal.com,1_721
cashformymiles.com,1_721
cashformymiles.com,2_205
businessclassconsolidator.com,1_721
businessclassconsolidator.com,2_205
firebirdtours.com,12_31
firebirdtours.com,3_165
firebirdtours.com,1_721
timesharesonly.com,41_6
bigbearvacations.com,52_4
bigbearvacations.com,15_22
bigbearvacations.com,5_94
bigbearvacations.com,40_6
bigbearvacations.com,106_2
bigbearvacations.com,144_1
auntiebelhams.com,5_94
auntiebelhams.com,1_721
jetstar.com,9_58
jetstar.com,2_205
jetstar.com,1_721
hotelwiz.com,8_76
skyauction.com,7_84
skyauction.com,1_721
skyauction.com,11_32
skyauction.com,5_94
www.spirit.com,2_205
www.spirit.com,1_721
www.furnishedfinder.com,15_22
www.furnishedfinder.com,88_2
www.furnishedfinder.com,94_2
www.furnishedfinder.com,143_1
www.furnishedfinder.com,30_10
buybusinessclass.com,2_205
buybusinessclass.com,1_721
buybusinessclass.com,6_91
lodgingcompany.com,1_721
lodgingcompany.com,7_84
lodgingcompany.com,19_17
lodgingcompany.com,3_165
lodgingcompany.com,32_9
lodgingcompany.com,5_94
lodgingcompany.com,48_5
cabify.com,28_10
cabify.com,1_721
cabify.com,20_14
peoplelikeus.world,89_2
saexpeditions.com,1_721
saexpeditions.com,3_165
saexpeditions.com,14_22
saexpeditions.com,11_32
saexpeditions.com,10_42
saexpeditions.com,12_31
crhmaui.com,5_94
crhmaui.com,1_721
www.ncl.com,3_165
www.ncl.com,11_32
www.ncl.com,1_721
www.ncl.com,14_22
ftlotravel.com,3_165
click2book.us,1_721
tripshock.com,1_721
skybooker.com,2_205
skybooker.com,1_721
driverinrome.com,1_721
driverinrome.com,3_165
driverinrome.com,36_7
driverinrome.com,167_1
driverinrome.com,27_11
driverinrome.com,20_14
cheapdealsfare.com,1_721
www.yourgolfpackage.com,1_721
www.visitorsinsurance.com,1_721
www.visitorsinsurance.com,148_1
www.visitorsinsurance.com,168_1
www.visitorsinsurance.com,19_17
www.visitorsinsurance.com,86_2
www.visitorsinsurance.com,34_8
www.singaporeair.com,1_721
www.singaporeair.com,9_58
www.singaporeair.com,2_205
hotflightdeals.com,1_721
www.royalcaribbean.com,1_721
www.royalcaribbean.com,3_165
www.royalcaribbean.com,11_32
travolie.com,1_721
www.360blue.com,15_22
www.360blue.com,5_94
www.thaiairways.com,1_721
www.thaiairways.com,24_12
www.thaiairways.com,2_205
www.thaiairways.com,9_58
knackbags.com,166_1
knackbags.com,9_58
knackbags.com,82_2
knackbags.com,165_1
knackbags.com,63_4
knackbags.com,103_2
virginvoyages.com,11_32
myflyyatra.com,1_721
myflyyatra.com,2_205
wildlandtrekking.com,1_721
wildlandtrekking.com,3_165
monarchairgroup.com,9_58
monarchairgroup.com,24_12
pavlus.com,10_42
pavlus.com,14_22
pavlus.com,1_721
pavlus.com,11_32
villatel.com,5_94
fivestaralliance.com,7_84
fivestaralliance.com,44_5
fivestaralliance.com,1_721
fivestaralliance.com,11_32
fivestaralliance.com,4_132
easyeta.com,60_4
easyeta.com,38_6
easyeta.com,1_721
jetblue.com,1_721
jetblue.com,2_205
flightmover.com,1_721
flightmover.com,6_91
www.bargainairticket.com,2_205
www.bargainairticket.com,4_132
themilesmarket.com,1_721
irishtourism.com,1_721
irishtourism.com,3_165
irishtourism.com,7_84
swoodoo.com,8_76
onlinevacationcenter.com,14_22
onlinevacationcenter.com,1_721
vacationvip.com,7_84
vacationvip.com,49_5
vacationvip.com,1_721
vacationvip.com,4_132
vacationvip.com,61_4
vacationvip.com,39_6
goseek.com,1_721
goseek.com,7_84
goseek.com,29_10
goseek.com,51_5
bonzah.com,23_13
bonzah.com,1_721
bonzah.com,19_17
bonzah.com,163_1
bonzah.com,164_1
bonzah.com,162_1
above9.travel,1_721
above9.travel,2_205
above9.travel,6_91
wholesale-flights.com,6_91
www.flightforall.com,9_58
www.flightforall.com,24_12
hawaiitours.com,3_165
hawaiitours.com,27_11
hawaiitours.com,35_8
hawaiitours.com,1_721
hawaiitours.com,12_31
hawaiitours.com,10_42
casablancaexpress.com,1_721
www.cooktravel.net,1_721
www.cooktravel.net,2_205
oregonbeachvacations.com,8_76
southernexplorations.com,1_721
southernexplorations.com,3_165
www.egencia.com,1_721
www.egencia.com,47_5
www.egencia.com,4_132
www.egencia.com,63_4
www.egencia.com,2_205
www.egencia.com,6_91
guesty.com,18_18
guesty.com,47_5
guesty.com,5_94
guesty.com,26_11
travomint.com,1_721
southamerica.travel,3_165
southamerica.travel,1_721
southamerica.travel,4_132
southamerica.travel,12_31
www.miles-and-more.com,4_132
www.miles-and-more.com,1_721
www.miles-and-more.com,3_165
businessclassguru.com,1_721
www.airdna.co,26_11
www.airdna.co,5_94
www.tripbase.com,1_721
holidaybreakz.com,1_721
holidaybreakz.com,54_4
holidaybreakz.com,14_22
holidaybreakz.com,6_91
holidaybreakz.com,77_3
reunionvacationhomes.com,1_721
morerooms.com,7_84
morerooms.com,1_721
lafetravel.com,1_721
lafetravel.com,2_205
lafetravel.com,6_91
friasproperties.com,40_6
friasproperties.com,15_22
cabinsofthesmokymountains.com,52_4
acis.com,10_42
kayak.es,8_76
nextvacay.com,2_205
incaexpert.com,10_42
incaexpert.com,1_721
incaexpert.com,3_165
topflightfares.com,1_721
faremart.com,1_721
weedbusla.com,35_8
weedbusla.com,36_7
weedbusla.com,1_721
weedbusla.com,161_1
www.summerinitaly.com,1_721
www.summerinitaly.com,5_94
quasarex.com,3_165
quasarex.com,10_42
quasarex.com,11_32
quasarex.com,1_721
quasarex.com,45_5
momondo.de,7_84
momondo.de,2_205
kayak.fr,7_84
cheapairportparking.org,1_721
cheapairportparking.org,67_3
cheapairportparking.org,46_5
cheapairportparking.org,22_13
cheapairportparking.org,16_19
cheapairportparking.org,62_4
booktickets2india.com,2_205
going.com,2_205
going.com,4_132
going.com,9_58
trivago.com,51_5
trivago.com,29_10
trivago.com,4_132
fastportpassport.com,1_721
fastportpassport.com,38_6
fastportpassport.com,60_4
fastportpassport.com,31_9
carolinacabinrentals.com,1_721
carolinacabinrentals.com,5_94
www.couchsurfing.com,4_132
www.couchsurfing.com,1_721
www.couchsurfing.com,3_165
redumbrellaholidays.com,1_721
redumbrellaholidays.com,2_205
redumbrellaholidays.com,6_91
redumbrellaholidays.com,4_132
thrivetravel.com,1_721
thrivetravel.com,2_205
schengenflightreservationvisa.com,1_721
golastminute.com,1_721
airtripmaker.com,1_721
airtripmaker.com,2_205
travelcentre.us,6_91
travelcentre.us,3_165
travelcentre.us,4_132
travelcentre.us,1_721
smokymtndreams.com,1_721
smokymtndreams.com,5_94
flightsnest.com,1_721
linguatrip.com,4_132
classicjourneys.com,3_165
classicjourneys.com,1_721
egyptair.com,1_721
egyptair.com,2_205
www.skiplagged.com,8_76
newtongrouptransfers.com,1_721
studentuniverse.com,6_91
www.stitch.net,160_1
www.stitch.net,159_1
www.stitch.net,173_1
www.stitch.net,190_1
www.stitch.net,169_1
www.stitch.net,4_132
allseasonsresortlodging.com,5_94
allseasonsresortlodging.com,1_721
bookvip.com,1_721
tours4fun.com,10_42
go-koala.com,5_94
go-koala.com,1_721
go-koala.com,41_6
go-koala.com,42_5
go-koala.com,30_10
go-koala.com,61_4
algotels.com,7_84
algotels.com,1_721
www.busbank.com,43_5
www.busbank.com,22_13
www.busbank.com,35_8
www.busbank.com,4_132
www.busbank.com,33_8
www.busbank.com,20_14
www.princess.com,3_165
www.princess.com,11_32
www.princess.com,14_22
www.princess.com,1_721
flyluxury.com,1_721
inteletravel.com,4_132
inteletravel.com,1_721
inteletravel.com,3_165
www.travelslake.com,8_76
www.southwest.com,2_205
www.southwest.com,4_132
www.southwest.com,1_721
www.insureandgousa.com,29_10
www.insureandgousa.com,1_721
www.insureandgousa.com,34_8
travelouts.com,1_721
flydubai.com,2_205
flydubai.com,1_721
flydubai.com,9_58
tombarefoot.com,1_721
outrageouscabins.com,1_721
outrageouscabins.com,48_5
outrageouscabins.com,52_4
travelodaddy.com,1_721
motopress.com,26_11
motopress.com,174_1
motopress.com,5_94
motopress.com,172_1
flyworldclass.com,1_721
flyworldclass.com,2_205
travelpro.com,8_76
lowcostairlines.com,8_76
remoteyear.com,10_42
thepassportoffice.com,8_76
www.alexanderroberts.com,1_721
www.alexanderroberts.com,3_165
www.alexanderroberts.com,11_32
www.alexanderroberts.com,10_42
www.alexanderroberts.com,14_22
www.alexanderroberts.com,12_31
www.americaisraeltours.com,3_165
hellogov.com,17_19
hellogov.com,31_9
hellogov.com,74_3
hellogov.com,170_1
hellogov.com,13_23
www.trawickinternational.com,1_721
www.trawickinternational.com,19_17
www.travorium.com,4_132
www.travorium.com,1_721
www.travorium.com,3_165
bestof-hawaii.com,1_721
westgateresorts.com,8_76
flightsbird.com,1_721
farebarber.com,6_91
farebarber.com,1_721
farebarber.com,14_22
farebarber.com,2_205
tripmasters.com,3_165
tripmasters.com,1_721
tripmasters.com,4_132
tripmasters.com,10_42
frenchbee.com,2_205
frenchbee.com,1_721
frenchbee.com,3_165
ratepunk.com,64_4
flyer-club.com,1_721
britishpassportpro.com,1_721
www.tap.pt,9_58
www.tap.pt,2_205
oyorooms.com/gb,7_84
www.swissport.com,2_205
www.swissport.com,9_58
www.swissport.com,103_2
www.swissport.com,1_721
wizfairvacation.com,1_721
traveloffthebeatenpath.com,10_42
traveloffthebeatenpath.com,176_1
traveloffthebeatenpath.com,1_721
traveloffthebeatenpath.com,12_31
traveloffthebeatenpath.com,3_165
flywithclass.com,1_721
poseidonexpeditions.com,1_721
poseidonexpeditions.com,11_32
www.optiontown.com,1_721
www.adventure-life.com,1_721
www.adventure-life.com,3_165
bus.com,43_5
bus.com,35_8
bus.com,177_1
bus.com,4_132
bus.com,33_8
bus.com,20_14
bikerent.nyc,3_165
sonder.com,42_5
sonder.com,30_10
sonder.com,95_2
sonder.com,76_3
sonder.com,5_94
kissalaska.com,12_31
www.meteofrance.com,3_165
www.meteofrance.com,1_721
click2refund.com,8_76
hiexpress.com,1_721
hiexpress.com,7_84
vaccationtravel.com,6_91
vaccationtravel.com,1_721
experienceittours.com,1_721
experienceittours.com,3_165
flyscoot.com,1_721
flyscoot.com,2_205
flyscoot.com,9_58
all-paris-apartments.com/en,1_721
www.celebritycruises.com,3_165
www.celebritycruises.com,11_32
www.celebritycruises.com,14_22
www.celebritycruises.com,1_721
hotelsbyday.com,7_84
hotelsbyday.com,77_3
hotelsbyday.com,39_6
hotelsbyday.com,1_721
hotelsbyday.com,171_1
hotelsbyday.com,37_7
myticketdeal.com,1_721
wyndhamworldwide.com,1_721
fivestarairways.com,6_91
fivestarairways.com,2_205
fivestarairways.com,1_721
www.destinaholidays.com,3_165
www.destinaholidays.com,1_721
hospitable.com,5_94
hospitable.com,26_11
aeromexico.com,2_205
aeromexico.com,1_721
aeromexico.com,4_132
www.railbookers.co.uk,3_165
amigo-us.com,71_3
amigo-us.com,175_1
amigo-us.com,1_721
www.esky.eu,8_76
www.onedollarfly.com,1_721
www.onedollarfly.com,6_91
www.rci.com,41_6
explorerventures.com,72_3
explorerventures.com,27_11
explorerventures.com,3_165
explorerventures.com,65_4
explorerventures.com,14_22
cruises.com,11_32
www.tripadvisor.in,29_10
www.tripadvisor.in,1_721
www.tripadvisor.in,51_5
laxride.net,28_10
laxride.net,1_721
www.cathaypacific.com,1_721
www.cathaypacific.com,9_58
www.cathaypacific.com,2_205
www.skygeek.com,9_58
www.skygeek.com,24_12
adamvacations.com,1_721
laurelmtnrt.com,5_94
travodeals.us,6_91
travodeals.us,1_721
skyexpress.gr,9_58
skyexpress.gr,2_205
skyexpress.gr,1_721
blsspainvisa.com,13_23
blsspainvisa.com,17_19
rushmytravelvisa.com,1_721
rushmytravelvisa.com,13_23
rushmytravelvisa.com,17_19
rushmytravelvisa.com,31_9
www.holidayinn.com,7_84
www.holidayinn.com,1_721
www.holidayinn.com,4_132
getawaydealz.com,1_721
flynfare.com,1_721
flynfare.com,2_205
flynfare.com,6_91
flynfare.com,4_132
flynfare.com,9_58
flynfare.com,39_6
cia-france.com,1_721
cia-france.com,97_2
yallatours.com,3_165
yallatours.com,1_721
www.cheaptickets.com,1_721
www.cheaptickets.com,4_132
farecorner.com,1_721
timesharespecialists.com,41_6
www.keytours.com,3_165
www.keytours.com,1_721
www.keytours.com,12_31
www.keytours.com,4_132
www.keytours.com,10_42
www.thevisaandmore.com,17_19
www.thevisaandmore.com,178_1
www.thevisaandmore.com,180_1
www.thevisaandmore.com,181_1
www.thevisaandmore.com,1_721
www.thevisaandmore.com,182_1
www.patagonia.com,100_2
www.patagonia.com,179_1
www.patagonia.com,185_1
www.patagonia.com,184_1
www.patagonia.com,183_1
www.patagonia.com,1_721
www.visasupply.com,1_721
superfares.com,2_205
superfares.com,1_721
luxetribes.com,1_721
claimflights.com,2_205
claimflights.com,186_1
claimflights.com,1_721
claimflights.com,9_58
claimflights.com,73_3
timesharecompliance.com,188_1
timesharecompliance.com,187_1
timesharecompliance.com,41_6
hotelreservations.com,4_132
hotelreservations.com,1_721
hotelreservations.com,7_84
www.naturalretreats.com,40_6
www.naturalretreats.com,5_94
fantasticfare.com,1_721
fantasticfare.com,6_91
fantasticfare.com,2_205
bookingreservationforvisa.com,1_721
skytravelhub.com,6_91
sanibelislandvacations.com,5_94
sanibelislandvacations.com,15_22
reservationcentre.us,1_721
reservationcentre.us,6_91
reservationcentre.us,4_132
discountlift.rentals,8_76
thepointstrader.com,1_721
thepointstrader.com,2_205
www.luggageonline.com,1_721
triparies.com,2_205
triparies.com,1_721
triparies.com,11_32
triparies.com,7_84
triparies.com,18_18
www.discover-airlines.com,2_205
www.discover-airlines.com,9_58
neattravels.com,2_205
onwardticket.com,1_721
ebooktrip.com,6_91
trovatrip.com,4_132
travelcompendium.com,1_721
www.cheapvuelos.com,4_132
www.cheapvuelos.com,1_721
www.cheapvuelos.com,3_165
floridarentals.com,5_94
qtrip.com,6_91
devencer.com,78_3
devencer.com,37_7
devencer.com,7_84
devencer.com,42_5
devencer.com,1_721
gorealtravel.com,4_132
www.motel6.com,7_84
www.motel6.com,4_132
www.motel6.com,1_721
lovevacations.com,1_721
gulf-air.com,1_721
gulf-air.com,2_205
gulf-air.com,9_58
campings-vert-bleu.com,8_76
www.trustfares.com,1_721
www.airportparking.com,1_721
www.airportparking.com,16_19
dollarflightclub.com,4_132
dollarflightclub.com,1_721
dollarflightclub.com,2_205
dollarflightclub.com,9_58
dollarflightclub.com,6_91
flightsandpackages.com,8_76
budgetair.lv,8_76
farecompare.com,1_721
farecompare.com,2_205
farecompare.com,7_84
farecompare.com,4_132
us.despegar.com,1_721
destinationweddings.com,1_721
www.hotel.com,1_721
www.hotel.com,7_84
iqfares.com,1_721
iqfares.com,2_205
jetsmart.com,9_58
jetsmart.com,1_721
jetsmart.com,2_205
rocketmiles.com,4_132
jifu.com,1_721
jifu.com,4_132
farescan.com,6_91
packupgo.com,1_721
www.bestwestern.com,1_721
www.bestwestern.com,7_84
yesfares.com,6_91
yesfares.com,1_721
yesfares.com,2_205
en.dragonpass.com.cn,8_76
gate1travel.com,3_165
www.caradonna.com,96_2
www.caradonna.com,72_3
www.caradonna.com,4_132
www.caradonna.com,1_721
airtripmasters.com,1_721
airtripmasters.com,6_91
momondo.se,2_205
www.smartlynx.aero,2_205
www.smartlynx.aero,9_58
www.carnival.com,11_32
www.carnival.com,14_22
www.carnival.com,3_165
www.carnival.com,1_721
chinatour.com,3_165
chinatour.com,13_23
chinatour.com,10_42
chinatour.com,66_3
chinatour.com,1_721
eazyfares.com,6_91
eazyfares.com,4_132
eazyfares.com,19_17
eazyfares.com,1_721
eazyfares.com,2_205
www.flyfairtravels.com,1_721
www.flyfairtravels.com,14_22
www.flyfairtravels.com,2_205
www.flyfairtravels.com,6_91
www.flyfairtravels.com,9_58
umetravel.com,1_721
umetravel.com,64_4
umetravel.com,3_165
umetravel.com,12_31
umetravel.com,59_4
www.choicehotels.com,7_84
www.choicehotels.com,1_721
www.choicehotels.com,5_94
cheapflights.com,8_76
golfzoo.com,1_721
flightguru.com,8_76
haloflights.us,10_42
haloflights.us,6_91
haloflights.us,4_132
haloflights.us,1_721
haloflights.us,3_165
www.clubvillamar.com,1_721
checkfelix.at,8_76
business-tickets.com,6_91
momondo.pt,4_132
vacationrentalpros.com,5_94
vacationrentalpros.com,1_721
fbctravels.com,1_721
kuodatravel.com,12_31
kuodatravel.com,1_721
kuodatravel.com,3_165
barankulclinic.com,8_76
worldpackers.com,4_132
www.luggagepros.com,1_721
flyvagary.com,6_91
fakeflighttickets.com,1_721
fakeflighttickets.com,2_205
www.vayaadventures.com,3_165
www.vayaadventures.com,1_721
travelallrussia.com,1_721
travelallrussia.com,3_165
www.fareocity.com,6_91
www.fareocity.com,1_721
malaysiaairlines.com,2_205
malaysiaairlines.com,1_721
www.houfy.com,55_4
www.houfy.com,189_1
www.houfy.com,105_2
www.houfy.com,30_10
www.houfy.com,5_94
www.houfy.com,15_22
alaskacruises.com,11_32
alaskacruises.com,1_721
traditiontours.com,1_721
traditiontours.com,3_165
mtsobek.com,1_721
mtsobek.com,3_165
mtsobek.com,12_31
mtsobek.com,10_42
www.yourtravelmates.com,1_721
yampu.com,3_165
yampu.com,1_721
gofastpass.com,20_14
gofastpass.com,22_13
www.lonestartransfer.com,41_6
padreescapes.com,8_76
www.virginaustralia.com,2_205
www.virginaustralia.com,9_58
www.virginaustralia.com,1_721
bespokeindiatravel.co.uk,3_165
bespokeindiatravel.co.uk,10_42
bespokeindiatravel.co.uk,1_721
globusfaith.com,8_76
farebubble.com,1_721
www.gohagantravel.com,3_165
imagetours.com,3_165
imagetours.com,1_721
booking.co.uk,4_132
booking.co.uk,7_84
booking.co.uk,1_721
mapotapo.com,53_4
mapotapo.com,96_2
mapotapo.com,1_721
lowfaretravel.com,1_721
www.extendedstayamerica.com,7_84
www.extendedstayamerica.com,5_94
www.extendedstayamerica.com,1_721
club1hotels.com,1_721
www.holidayisle.net,5_94
www.holidayisle.net,1_721
www.icelandair.com,9_58
www.icelandair.com,1_721
www.icelandair.com,2_205
www.roamingmood.com,1_721
momondo.nl,2_205
hollandamerica.com,1_721
hollandamerica.com,14_22
hollandamerica.com,11_32
hollandamerica.com,3_165
hollandamerica.com,45_5
thefaremasters.com,2_205
thefaremasters.com,6_91
thefaremasters.com,3_165
thefaremasters.com,1_721
whimstay.com,5_94
whimstay.com,25_11
whimstay.com,106_2
whimstay.com,98_2
whimstay.com,48_5
whimstay.com,15_22
budgetelitetravel.com,1_721
skyhikes.com,1_721
www.strollercare.com,5_94
www.visa2egypt.gov.eg,13_23
www.visa2egypt.gov.eg,1_721
www.visa2egypt.gov.eg,17_19
worldventures.com,1_721
worldventures.com,3_165
momondo.it,8_76
australiavisaservices.com,1_721
discoveryvoyages.com,3_165
flybusinessforless.com,2_205
flybusinessforless.com,1_721
friendztravel.com,4_132
friendztravel.com,6_91
hurtigruten.com,45_5
www.veloguide.com,3_165
www.veloguide.com,191_1
www.veloguide.com,4_132
fly8ma.com,79_2
fly8ma.com,75_3
fly8ma.com,21_14
fly8ma.com,192_1
fly8ma.com,194_1
triphobo.com,4_132
triphobo.com,1_721
apvi.com,13_23
cars.easyjet.com,23_13
cars.easyjet.com,9_58
cars.easyjet.com,1_721
cars.easyjet.com,2_205
paddlemarco.com,193_1
paddlemarco.com,198_1
fly2globe.com,1_721
mysteryvacations.com,4_132
mysteryvacations.com,1_721
mysteryvacations.com,3_165
mysteryvacations.com,10_42
mysteryvacations.com,12_31
paramountbusinessjets.com,1_721
paramountbusinessjets.com,2_205
unsold.com,30_10
unsold.com,39_6
unsold.com,98_2
unsold.com,18_18
unsold.com,7_84
unsold.com,44_5
flights.flytap.com,2_205
flights.flytap.com,9_58
flights.flytap.com,1_721
dummyticket.com,1_721
visahero.com,17_19
pacific-for-less.com,1_721
worldpathtravel.com,2_205
worldpathtravel.com,1_721
bestfaredeal.com,2_205
ciaoitalytours.com,3_165
ciaoitalytours.com,1_721
fareodaddy.com,1_721
passports.com,1_721
passports.com,10_42
passports.com,3_165
passports.com,4_132
passports.com,12_31
osiristours.com,1_721
villas.com,4_132
villas.com,7_84
villas.com,1_721
ratehawk.com,4_132
cruise.com,11_32
cruise.com,1_721
omahafares.com,1_721
cruisehub.com,14_22
cruisehub.com,1_721
cruisehub.com,11_32
artinvoyage.com,1_721
artinvoyage.com,3_165
www.nexion.com,1_721
charlestoncoastvacations.com,1_721
charlestoncoastvacations.com,5_94
easymytrip.com,1_721
easymytrip.com,2_205
helloholt.com,5_94
helloholt.com,195_1
helloholt.com,196_1
helloholt.com,15_22
helloholt.com,30_10
helloholt.com,18_18
taketours.com,1_721
flyone.eu,2_205
flyone.eu,1_721
treasurerealty.com,5_94
treasurerealty.com,1_721
www.derbybox.com,1_721
kenyavisaonline.com,1_721
kenyavisaonline.com,4_132
airvistara.com,4_132
airvistara.com,1_721
airvistara.com,3_165
airvistara.com,2_205
ibishotels.com,7_84
ibishotels.com,1_721
valalto.com,2_205
bokun.io,26_11
bokun.io,3_165
bokun.io,1_721
www.iberostar.com,3_165
www.iberostar.com,1_721
www.iberostar.com,7_84
www.travelmerry.com,8_76
www.loftium.com,38_6
www.loftium.com,5_94
www.loftium.com,21_14
www.loftium.com,1_721
www.loftium.com,58_4
ritztours.com,3_165
ritztours.com,1_721
flightsfairy.com,2_205
flightsfairy.com,6_91
flightsfairy.com,1_721
www.thirdhome.com,5_94
documitra.com,74_3
documitra.com,13_23
documitra.com,17_19
documitra.com,68_3
travelomile.com,6_91
travelomile.com,1_721
travelomile.com,77_3
travelomile.com,63_4
english.ctrip.com,1_721
english.ctrip.com,7_84
english.ctrip.com,50_5
english.ctrip.com,2_205
cheapflights.ca,8_76
www.sandals.com,1_721
www.sandals.com,5_94
www.sandals.com,3_165
laytrip.com,1_721
www.redroof.com,1_721
www.redroof.com,7_84
www.vacatia.com,5_94
www.vacatia.com,1_721
www.worldmarktheclub.com,5_94
www.worldmarktheclub.com,1_721
1800flyeurope.com,2_205
1800flyeurope.com,1_721
hiltonhotels.com,7_84
hiltonhotels.com,1_721
hiltonhotels.com,37_7
www.rentvillas.com,5_94
www.rentvillas.com,1_721
www.opinioesdevalor.com,8_76
www.alibabacabs.co.uk,57_4
www.alibabacabs.co.uk,22_13
www.alibabacabs.co.uk,20_14
www.alibabacabs.co.uk,28_10
viptraveler.com,1_721
shivatravel.com,2_205
shivatravel.com,1_721
fly.business,1_721
top-cruise-deals.com,1_721
top-cruise-deals.com,11_32
smartcruiser.com,11_32
magneticnorthtravel.com,1_721
magneticnorthtravel.com,3_165
tablethotels.com,1_721
tablethotels.com,7_84
ceoflights.com,6_91
ceoflights.com,1_721
ceoflights.com,2_205
aerlingusvacationstore.com,3_165
marriottbonvoy.com,1_721
marriottbonvoy.com,7_84
marriottbonvoy.com,4_132
happyadventurers.com,1_721
tokeet.com,5_94
tokeet.com,26_11
africansafaris.com,1_721
africansafaris.com,3_165
africansafaris.com,37_7
africansafaris.com,197_1
africansafaris.com,44_5
navan.com,1_721
holidayinnclub.com,1_721
holidayinnclub.com,7_84
holidayinnclub.com,5_94
reservationscenter.com,7_84
reservationscenter.com,4_132
reservationscenter.com,1_721
theflightsboss.com,6_91
trippact.com,1_721
trippact.com,2_205
www.airmauritius.com,1_721
www.airmauritius.com,2_205
www.airmauritius.com,3_165
galaxyescapes.com,8_76
tomtours.com,7_84
tomtours.com,1_721
tomtours.com,2_205
www.radissonblu.com,7_84
disneyworld.disney.go.com,1_721
disneyworld.disney.go.com,4_132
vayubooking.com,1_721
vayubooking.com,3_165
vayubooking.com,6_91
www.travelous.com,3_165
www.travelous.com,1_721
www.downunderendeavours.com,1_721
travelogate.com,1_721
travelogate.com,6_91
reservationclubs.com,2_205
reservationclubs.com,1_721
reservationclubs.com,4_132
triptogo.com,4_132
triptogo.com,2_205
triptogo.com,7_84
billabook.com,1_721
arrowheadretreats.com,8_76
flights.booking.com,1_721
flights.booking.com,2_205
flights.booking.com,4_132
discoveringireland.com,3_165
airfareexperts.com,8_76
deeperafrica.com,3_165
deeperafrica.com,1_721
roomertravel.com,8_76
sundancevacations.com,1_721
farebuddies.com,1_721
hawaiiactivities.com,1_721
10xbnb.com,199_1
10xbnb.com,200_1
10xbnb.com,46_5
10xbnb.com,15_22
doubletree.com,7_84
doubletree.com,37_7
doubletree.com,1_721
hutchgo.com,8_76
www.hyatt.com,39_6
www.hyatt.com,7_84
app.stansted-airport-parking.com,4_132
app.stansted-airport-parking.com,1_721
app.stansted-airport-parking.com,62_4
app.stansted-airport-parking.com,16_19
reservationstays.com,7_84
reservationstays.com,4_132
reservationstays.com,1_721
reservationstays.com,3_165
www.dreamlines.com,1_721
www.dreamlines.com,11_32
redwoodcoastvacationrentals.com,15_22
redwoodcoastvacationrentals.com,30_10
takeabreaktravel.com,1_721
moroccotours.org,1_721
moroccotours.org,12_31
jetnsave.com,1_721
jetnsave.com,2_205
jetnsave.com,7_84
jetnsave.com,4_132
gotoflyer.com,6_91
fijivacations.com,1_721
skydaytravel.com,1_721
skydaytravel.com,14_22
skydaytravel.com,6_91
skydaytravel.com,7_84
skydaytravel.com,23_13
skydaytravel.com,10_42
dummyticket247.com,2_205
www.citysightsny.com,8_76
hajartravels.com,1_721
gorillasafaricompany.com,3_165
www.kidmoto.taxi,28_10
www.kidmoto.taxi,1_721
sellmymiles.com,1_721
mayfairhotelsupply.com,104_2
www.thousandhills.com,1_721
www.thousandhills.com,101_2
www.thousandhills.com,5_94
www.thousandhills.com,7_84
www.thousandhills.com,58_4
disney.sweethomevacation.com,1_721
disney.sweethomevacation.com,5_94
flightfarehub.com,1_721
cibt.com,17_19
cibt.com,13_23
lola.com,1_721
beneplace.com,99_2
beneplace.com,201_1
beneplace.com,54_4
beneplace.com,1_721
beneplace.com,7_84
www.cuballama.com,1_721
www.cuballama.com,84_2
vbro.com,30_10
vbro.com,5_94
vbro.com,15_22
vbro.com,18_18
vbro.com,48_5
accessfares.com,1_721
www.transporthubuk.co.uk,20_14
www.transporthubuk.co.uk,1_721
www.transporthubuk.co.uk,57_4
www.transporthubuk.co.uk,56_4
www.transporthubuk.co.uk,33_8
www.transporthubuk.co.uk,28_10
aiyrepacific.com,1_721
alaskaair.com,2_205
alaskaair.com,1_721
www.bookingcar-usa.com,4_132
www.cheapcaribbean.com,8_76
businessfirstinternational.com,47_5
businessfirstinternational.com,1_721
staysojo.com,21_14
languageinternational.com,1_721
www.meredithlodging.com,1_721
www.meredithlodging.com,15_22
www.meredithlodging.com,5_94
bookety.com,8_76
gocamp.com,5_94
gocamp.com,92_2
gocamp.com,69_3
gocamp.com,25_11
gocamp.com,21_14
gocamp.com,1_721
www.scandichotels.com,7_84
www.scandichotels.com,1_721
www.jamaicantreasures.com,1_721
www.jamaicantreasures.com,5_94
www.cheapflightsfreak.com,8_76
www.city-discovery.com,1_721
picturethemagic.com,1_721
vacationwiser.com,1_721
oasischinavisa.com,1_721
expeditedpassportsandvisas.com,1_721
www.wotif.com,4_132
www.wotif.com,7_84
www.wotif.com,1_721
colonialghosts.com,3_165
parkdean-resorts.com,8_76
bookbigsky.com,15_22
tourcruiser.com,1_721
riyatravels.com,8_76
www.daceyscornishtours.com,12_31
www.daceyscornishtours.com,1_721
tcsworldtravel.com,1_721
tcsworldtravel.com,3_165
bluegreenvacations.com,5_94
bluegreenvacations.com,1_721
bluegreenvacations.com,3_165
blackride.com,36_7
blackride.com,22_13
blackride.com,20_14
adayinlatours.com,1_721
adayinlatours.com,3_165
mystyachtcharters.com,1_721
mystyachtcharters.com,87_2
rusticpathways.com,3_165
rusticpathways.com,1_721
wildernesstravel.com,12_31
wildernesstravel.com,3_165
wildernesstravel.com,1_721
crownetravels.com,1_721
ly.com,1_721
ly.com,4_132
andeandiscovery.com,1_721
andeandiscovery.com,3_165
cooldestinations.com,27_11
cooldestinations.com,10_42
cooldestinations.com,35_8
cooldestinations.com,65_4
cooldestinations.com,4_132
cooldestinations.com,1_721
www.thefxcompany.co.uk,4_132
domaine-prairiesdelamer.com,1_721
domaine-prairiesdelamer.com,5_94
emiratesvacations.com/us_en,8_76
santanaadventures.com,3_165
privatejetcardcomparisons.com,4_132
privatejetcardcomparisons.com,75_3
privatejetcardcomparisons.com,2_205
privatejetcardcomparisons.com,9_58
www.seathecity.com,1_721
www.seathecity.com,3_165
parkingaccess.com,4_132
timestravel.com,6_91
momondo.fi,2_205
www.parkdeanholidays.co.uk,8_76
www.lastminutetravel.com,1_721
www.superiorcruiseandtravel.com,1_721
www.superiorcruiseandtravel.com,11_32
givevolunteers.org,3_165
givevolunteers.org,12_31
givevolunteers.org,1_721
migrationusa.co,202_1
migrationusa.co,13_23
almundo.com,1_721
almundo.com,3_165
almundo.com,4_132
charterflightgroup.com,203_1
charterflightgroup.com,4_132
charterflightgroup.com,2_205
charterflightgroup.com,75_3
faresfeed.com,9_58
seaworld.com,1_721
seaworld.com,3_165
monaview.isagenix.com,1_721
monaview.isagenix.com,4_132
monaview.isagenix.com,204_1
visit.viaresorts.com,18_18
ambassadorpassportandvisa.com,1_721
efultimatebreak.com,3_165
beyondfares.com,1_721
beyondfares.com,2_205
passportrenewal.com,31_9
passportrenewal.com,1_721
eaglerider.com,1_721
flyhacks.com,1_721
flyhacks.com,6_91
flyhacks.com,2_205
skyup.aero,9_58
skyup.aero,2_205
skyup.aero,1_721
hotelsinamerica.com,4_132
hotelsinamerica.com,1_721
hotelsinamerica.com,7_84
inaraft.com,3_165
inaraft.com,1_721
jaywaytravel.com,1_721
bookotrip.com,1_721
bookotrip.com,2_205
prestigeride.com,36_7
prestigeride.com,102_2
prestigeride.com,28_10
prestigeride.com,20_14
prestigeride.com,22_13
prestigeride.com,57_4
coliving.com,46_5
coliving.com,76_3
coliving.com,205_1
coliving.com,66_3
coliving.com,95_2
jacksflightclub.com,2_205
jacksflightclub.com,4_132
portmantos.com,1_721
www.businesstravel365.com,2_205
www.businesstravel365.com,1_721
www.businesstravel365.com,6_91
scholartrip.com,1_721
rayanair.com,1_721
rayanair.com,2_205
www.journeycook.com,1_721
www.journeycook.com,2_205
cruisebound.com,1_721
cruisebound.com,14_22
cruisebound.com,4_132
www.flyoseas.com,2_205
www.starmarkvacationhomes.com,1_721
www.starmarkvacationhomes.com,5_94
luxflight.com,2_205
luxflight.com,1_721
findbusinessclass.com,6_91
findbusinessclass.com,2_205
findbusinessclass.com,1_721
goflyfirst.com,1_721
unlimitedvacationclub.com,5_94
unlimitedvacationclub.com,1_721
unlimitedvacationclub.com,3_165
swaindestinations.com,3_165
swaindestinations.com,1_721
www.authenticireland.com,1_721
goodlifeexpeditions.com,12_31
goodlifeexpeditions.com,1_721
goodlifeexpeditions.com,3_165
goodlifeexpeditions.com,10_42
www.bwjagents.com,1_721
eleventhstreettravel.com,1_721
www.czechairlines.com,1_721
www.czechairlines.com,4_132
www.czechairlines.com,2_205
www.kmmaltairlines.com,2_205
www.kmmaltairlines.com,1_721
www.kmmaltairlines.com,3_165
www.tropicalbirding.com,3_165
jwrv.com,1_721
lettingsaway.com,5_94
lettingsaway.com,15_22
lettingsaway.com,30_10
fsguides.com,3_165
hostfully.com,5_94
hostfully.com,26_11
hostfully.com,47_5
hostfully.com,18_18
www.vacationrentals.com,8_76
insuremytrip.com,34_8
insuremytrip.com,19_17
insuremytrip.com,4_132
knittingtours.com,3_165
bookingace.com,1_721
awaze.co.uk,3_165
awaze.co.uk,5_94
awaze.co.uk,1_721
momondo.no,2_205
www.allegiantair.com,2_205
www.allegiantair.com,9_58
www.allegiantair.com,1_721
similarworlds.com,8_76
seatnet.com,1_721
seatnet.com,206_1
flysky9.com,1_721
lookupvacations.com,1_721
lookupvacations.com,11_32
www.citywonders.com,10_42
www.citywonders.com,3_165
www.citywonders.com,27_11
www.citywonders.com,59_4
www.citywonders.com,64_4
www.citywonders.com,12_31
goosecreekrvpark.com,21_14
goosecreekrvpark.com,207_1
goosecreekrvpark.com,208_1
goosecreekrvpark.com,209_1
www.elanvacations.com,8_76
www.claytonhotels.com,18_18
www.claytonhotels.com,7_84
primadrive.com,1_721
primadrive.com,28_10
www.radisson.com,7_84
www.radisson.com,1_721
www.duinrell.com,1_721
www.duinrell.com,54_4
lowfarebuddy.com,2_205
lowfarebuddy.com,1_721
www.blueribbonbags.com,1_721
wamosair.com,2_205
wamosair.com,9_58
voetbaltrips.com,53_4
voetbaltrips.com,1_721
voetbaltrips.com,3_165
voetbaltrips.com,210_1
paylatertickets.com,1_721
paylatertickets.com,6_91
paylatertickets.com,2_205
paylatertickets.com,9_58
mattsflights.com,1_721
bookflyus.com,2_205
bookflyus.com,1_721
bookflyus.com,6_91
fondtravels.com,6_91
www.airfrance.us,1_721
www.airfrance.us,2_205
www.airfrance.us,9_58
snowventures.com,1_721
snowventures.com,32_9
snowventures.com,3_165
flyvagarybusiness.com,4_132
flyvagarybusiness.com,1_721
bikesbooking.com,211_1
bikesbooking.com,212_1
bikesbooking.com,4_132
bikesbooking.com,213_1
bikesbooking.com,214_1
bikesbooking.com,215_1
newtraveltrip.com,1_721
stonehillcottages.com,52_4
stonehillcottages.com,5_94
cheapparkfly.com,16_19
cheapparkfly.com,1_721
friendshiptours.com,1_721
friendshiptours.com,3_165
underpricer.com,1_721
underpricer.com,9_58
underpricer.com,6_91
hgv.com,8_76
ekytestravel.com,1_721
ekytestravel.com,2_205
dxbooking.etihad.com,9_58
dxbooking.etihad.com,1_721
dxbooking.etihad.com,2_205
airfarenetwork.com,8_76
culturalislandtravel.com,1_721
culturalislandtravel.com,12_31
eightydays.me,2_205
eightydays.me,1_721
eightydays.me,50_5
eightydays.me,6_91
ykmx.cheapfaresnow.com,2_205
ykmx.cheapfaresnow.com,1_721
www.hotelstorm.com,8_76
www.bookingbuddy.com,1_721
travelopedia.co.uk,1_721
travelopedia.co.uk,26_11
wyndham.com,1_721
wyndham.com,7_84
wyndham.com,49_5
wyndham.com,37_7
tripping.com,1_721
tripping.com,5_94
makrealty.com,5_94
cruisecheap.com,11_32
cruisecheap.com,1_721
cheapfaresnow.com,8_76
skylinetravelexpress.com,13_23
www.lumiwings.com,2_205
www.lumiwings.com,1_721
www.lumiwings.com,9_58
pteet.com,1_721
pteet.com,24_12
pteet.com,23_13
pteet.com,19_17
suitehomechicago.com,5_94
suitehomechicago.com,1_721
resortneardisney.com,21_14
firstclassflyer.com,8_76
espiritutraveltocuba.com,3_165
espiritutraveltocuba.com,1_721
www.skytrend.us,1_721
offpeakluxury.com,1_721
offpeakluxury.com,7_84
faresplanet.com,1_721
autorentals.com,24_12
autorentals.com,4_132
autorentals.com,23_13
alwayscroatia.com,93_2
alwayscroatia.com,3_165
alwayscroatia.com,1_721
wanderfulholidays.com,3_165
exclusivebusinessclass.com,2_205
exclusivebusinessclass.com,4_132
exclusivebusinessclass.com,1_721
indian-evisa.org,17_19
aerolineas.com.ar,9_58
aerolineas.com.ar,1_721
aerolineas.com.ar,2_205
itrip.net,40_6
itrip.net,15_22
itrip.net,25_11
itrip.net,5_94
itrip.net,55_4
k2tickets.com,1_721
avisaservices.com,74_3
avisaservices.com,17_19
avisaservices.com,1_721
avisaservices.com,68_3
avisaservices.com,31_9
avisaservices.com,13_23
vagamo.com,6_91
vagamo.com,1_721
vagamo.com,2_205
www.explorient.com,1_721
www.explorient.com,12_31
www.explorient.com,3_165
savacations.com,1_721
savacations.com,3_165
cheapflightbuddy.com,1_721
www.newyorksightseeing.com,8_76
www.exito.com,8_76
inspecto.com,2_205
inspecto.com,1_721
cobaltcorporatetravel.com,4_132
www.vacationroost.com,1_721
fareoglobe.com,8_76
www.ask-aladdin.com,11_32
www.ask-aladdin.com,1_721
www.ask-aladdin.com,12_31
civilwarghosts.com,3_165
book2park.com,16_19
book2park.com,1_721
www.adventurescroatia.com,10_42
www.adventurescroatia.com,1_721
www.adventurescroatia.com,3_165
almadinahtravels.com,1_721
spot2nite.com,18_18
spot2nite.com,1_721
spot2nite.com,97_2
spot2nite.com,4_132
momondo.es,2_205
www.festivalpros.com,1_721
www.festivalpros.com,3_165
thejerseyflights.com,1_721
thejerseyflights.com,6_91
thejerseyflights.com,2_205
thejerseyflights.com,7_84
thejerseyflights.com,10_42
thejerseyflights.com,9_58
skitds.com,1_721
skitds.com,32_9
hellovacay.com,4_132
hellovacay.com,18_18
hellovacay.com,2_205
trafalgar.com,8_76
golfthere.com,1_721
golfthere.com,3_165
intervalworld.com,3_165
intervalworld.com,12_31
intervalworld.com,4_132
intervalworld.com,1_721
www.via-croatia.com,3_165
www.via-croatia.com,1_721
spectatetravel.co.uk,3_165
umrahinternational.com,1_721
malmaison.com,7_84
malmaison.com,63_4
malmaison.com,37_7
www.croatiaairlines.com,9_58
www.croatiaairlines.com,1_721
www.croatiaairlines.com,2_205
www.park-resorts.com,54_4
summitcove.com,216_1
summitcove.com,217_1
summitcove.com,218_1
summitcove.com,40_6
summitcove.com,15_22
summitcove.com,219_1
firstflytravel.com,2_205
abildkro.dk,49_5
vietnamvisa.govt.vn,1_721
vietnamvisa.govt.vn,13_23
flywithcloud.com,1_721
actiontourguide.com,3_165
webjet.co.nz,2_205
webjet.co.nz,1_721
loyaltyworld.ca,4_132
culturalitaly.com,1_721
flightfaredeals.com,6_91
flightfaredeals.com,1_721
hotelrunner.com,7_84
hotelrunner.com,1_721
alltrails.com,3_165
alltrails.com,1_721
alltrails.com,10_42
tourhero.com,1_721
arajet.com,2_205
arajet.com,1_721
arajet.com,6_91
miamitourcompany.com,1_721
miamitourcompany.com,3_165
miamitourcompany.com,12_31
www.capitalonetravel.com,4_132
www.capitalonetravel.com,1_721
www.vipfares.com,1_721
www.vipfares.com,6_91
www.vipfares.com,2_205
vfsgloble.com,13_23
vfsgloble.com,1_721
cubacenter.com,23_13
cubacenter.com,1_721
nicetours.net,14_22
nicetours.net,65_4
nicetours.net,1_721
nicetours.net,220_1
nicetours.net,10_42
travoman.com,2_205
travoman.com,3_165
travoman.com,13_23
travoman.com,1_721
www.journey-masters.com,1_721
puppiesnation.com,25_11
faresjourney.com,1_721
faresjourney.com,6_91
bigbearcabins.com,1_721
bigbearcabins.com,5_94
norweigan.com,1_721
norweigan.com,2_205
norweigan.com,3_165
flashcoast.com,1_721
all-travel.com,1_721
militaryflighttravel.com,2_205
militaryflighttravel.com,1_721
aconsumercredit.com,1_721
elitevacationhomes.com,1_721
elitevacationhomes.com,5_94
www.bluepacificvacationrentals.com,1_721
www.bluepacificvacationrentals.com,5_94
vomos.com,1_721
travelner.com,19_17
travelner.com,6_91
travelner.com,18_18
aeroflot.com,9_58
aeroflot.com,1_721
aeroflot.com,2_205
www.costcotravel.com,4_132
www.costcotravel.com,3_165
www.costcotravel.com,1_721
www.costcotravel.com,11_32
us-immigrationsupport.org,13_23
us-immigrationsupport.org,1_721
us-immigrationsupport.org,4_132
us-immigrationsupport.org,17_19
usagco.org,13_23
rewardstock.com,1_721
skiesarebusiness.com,1_721
puntacanaadventures.com,10_42
flyegypt.today,9_58
flyegypt.today,1_721
flyegypt.today,2_205
www.lan.com,2_205
www.lan.com,9_58
www.lan.com,1_721
eatours.com,12_31
eatours.com,1_721
bambatravel.com,1_721
bambatravel.com,3_165
favisbook.com,1_721
hamptoninn3.hilton.com,7_84
hamptoninn3.hilton.com,49_5
unitedairlines.com,9_58
unitedairlines.com,2_205
unitedairlines.com,1_721
unitedairlines.com,73_3
www.jetairways.com,1_721
www.jetairways.com,9_58
www.jetairways.com,3_165
www.jetairways.com,2_205
fastpassportcenter.com,38_6
fastpassportcenter.com,221_1
fastpassportcenter.com,17_19
silverbreezetravels.com,1_721
www.ardenneresidences.com,55_4
www.ardenneresidences.com,15_22
www.ardenneresidences.com,48_5
www.ardenneresidences.com,18_18
www.ardenneresidences.com,5_94
myflightmart.com,6_91
www.forbiser.com,1_721
www.bangkokair.com,9_58
www.bangkokair.com,2_205
www.bangkokair.com,1_721
moderndestinationweddings.com,1_721
www.zegrahm.com,1_721
dreamtrips.com,1_721
dreamtrips.com,3_165
dreamtrips.com,10_42
dreamtrips.com,4_132
happyrooms.com,1_721
happyrooms.com,7_84
www.walksofitaly.com,1_721
www.walksofitaly.com,3_165
salemghosts.com,3_165
bookmytravelin.com,2_205
bookflightickets.com,2_205
bookflightickets.com,1_721
baboo.travel,10_42
baboo.travel,1_721
baboo.travel,3_165
orgmytrip.com,1_721
www.siampark.net,99_2
www.siampark.net,1_721
www.siampark.net,3_165
liftopia.com,32_9
liftopia.com,1_721
www.chicos.com,1_721
travelreimagine.com,8_76
coolkeywest.com,64_4
coolkeywest.com,10_42
coolkeywest.com,65_4
coolkeywest.com,35_8
coolkeywest.com,27_11
pacificislands.com,3_165
pacificislands.com,1_721
www.cruisemiles.com,1_721
www.united.com,9_58
www.united.com,2_205
www.united.com,24_12
www.united.com,1_721
glampinghub.com,1_721
glampinghub.com,25_11
glampinghub.com,5_94
glampinghub.com,18_18
athletesusa.org,53_4
athletesusa.org,222_1
www.2mycountry.com,8_76
reservecalifornia.com,21_14
reservecalifornia.com,80_2
reservecalifornia.com,25_11
reservecalifornia.com,5_94
buckinghamtahoerentals.com,5_94
buckinghamtahoerentals.com,1_721
descapada.com,4_132
descapada.com,3_165
descapada.com,10_42
descapada.com,1_721
www.orukayak.com,8_76
www.tripomate.com,4_132
www.tripomate.com,1_721
www.flotours.com,1_721
www.flotours.com,3_165
